job_title,company_name,location,job_description,employment_type,posted_date,source,job_url,extracted_at
Assistant Director (Accounts),Punjab Government,"LAHORE, Punjab, Pakistan","Chartered Accountant (CA) / Chartered Management Accountant (CMA) with 2-year relevant experience. Or MBA (Finance), M. Com or equivalent from HEC recognized University with 3 years of relevant experience.",Full Time,,punjab,https://jobs.punjab.gov.pk/new_recruit/job_detail/assistant-director-accounts-1,2026-03-20T22:43:30.219997
Assistant Director (Finance),Punjab Government,"LAHORE, Punjab, Pakistan","Chartered Accountant (CA) / Chartered Management Accountant (CMA) with 2-year relevant experience. Or MBA (Finance), M. Com or equivalent from HEC recognized University with 3 years of relevant experience.",Full Time,,punjab,https://jobs.punjab.gov.pk/new_recruit/job_detail/assistant-director-finance-2,2026-03-20T22:43:30.760601
Assistant Director (Welfare),Punjab Government,"LAHORE, Punjab, Pakistan","Chartered Accountant (CA) / Chartered Management Accountant (CMA) with 2-year relevant experience. Or MBA (Finance), M. Com or equivalent from HEC recognized University with 3 years of relevant experience.",Full Time,,punjab,https://jobs.punjab.gov.pk/new_recruit/job_detail/assistant-director-welfare,2026-03-20T22:43:31.275262
Deputy Director (Governance Risk & Compliance),Punjab Government,"LAHORE, Punjab, Pakistan","Minimum 16 years of education in Information Security, Information Technology, Computer Science, Software Engineering, Electrical Engineering, Electronic Engineering or Cyber Security Discipline from an HEC-recognized university. Higher qualifications in related disciplines will be preferred. Experience: At least 05 years of post-qualification experience in Information Security Governance, Risk Management, Security Compliance, Security Auditing within large-scale national or international organizations. Prior experience in ISO 27001, CIS controls implementation will be an added advantage. Certification(s)",Full Time,,punjab,https://jobs.punjab.gov.pk/new_recruit/job_detail/deputy-director-governance-risk-compliance-1,2026-03-20T22:43:31.814180
Deputy Director (Offensive Security),Punjab Government,"LAHORE, Punjab, Pakistan","Minimum 16 years of education in Information Security, Information Technology, Computer Science, Software Engineering, Electrical engineering, Electronic engineering or Cyber Security Discipline from an HEC-recognized university. Higher qualifications in related disciplines will be preferred. Experience: At least 05 years of post-qualification experience in Vulnerability Management, Offensive Security, Red Teaming, Penetration Testing within large-scale national or international organizations. Certification(s)",Full Time,,punjab,https://jobs.punjab.gov.pk/new_recruit/job_detail/deputy-director-offensive-security-1,2026-03-20T22:43:32.331790
Assistant Director (Governance Risk & Compliance),Punjab Government,"LAHORE, Punjab, Pakistan","Minimum 16 years of education in Information Security, Information Technology, Computer Science, Software Engineering, Electrical engineering, Electronic engineering or Cyber Security Discipline from an HEC-recognized university. Higher qualifications in related disciplines will be preferred. Experience: At least 03 years of post-qualification experience in Information Security Governance, Risk Management, Security Compliance, and Security Auditing within large-scale national or international organizations. Hands-on experience with ISO 27001 will be considered an added advantage. Certification(s)",Full Time,,punjab,https://jobs.punjab.gov.pk/new_recruit/job_detail/assistant-director-governance-risk-compliance-1,2026-03-20T22:43:32.856188
Assistant Director (Penetration Testing & Red Teaming),Punjab Government,"LAHORE, Punjab, Pakistan","Minimum 16 years of education in Information Security, Information Technology, Computer Science, Software Engineering, Electrical engineering, Electronic engineering or Cyber Security Discipline from an HEC-recognized university. Higher qualifications in related disciplines will be preferred. Experience: At least 03 years of post-qualification experience in Cyber Security Assessment, Penetration Testing, Red Teaming within large-scale national or international organizations. Certification(s)",Full Time,,punjab,https://jobs.punjab.gov.pk/new_recruit/job_detail/assistant-director-penetration-testing-red-teaming-1,2026-03-20T22:43:33.369367
Assistant Director (Application Security Tester),Punjab Government,"LAHORE, Punjab, Pakistan","Minimum 16 years of education in Information Security, Information Technology, Computer Science, Software Engineering, Electrical Engineering, Electronic Engineering or Cyber Security Discipline from an HEC-recognized university. Higher qualifications in related disciplines will be preferred. Experience: At least 03 years of post-qualification experience in penetration testing, web application testing within large-scale national or international organizations. Certification(s)",Full Time,,punjab,https://jobs.punjab.gov.pk/new_recruit/job_detail/assistant-director-application-security-tester,2026-03-20T22:43:33.884470
Assistant Director (Security Operations Center)/L2 Analyst,Punjab Government,"LAHORE, Punjab, Pakistan","Minimum 16 years of education in Information Security, Information Technology, Computer Science, Software Engineering, Electrical Engineering, Electronic Engineering or Cyber Security Discipline from an HEC-recognized university. Higher qualifications in related disciplines will be preferred. Experience: At least 03 years of post-qualification experience in information/cyber security with SOC Role (Experience in Network Operations Center (NOC) will not be considered as Security Operations Center (SOC) experience), incident response, threat hunting, threat intelligence, malware research within large-scale national or international organizations. The candidate must have been working as L2/L1 SOC analyst for at least 2 years. Certification(s)",Full Time,,punjab,https://jobs.punjab.gov.pk/new_recruit/job_detail/assistant-director-security-operations-centerl2-analyst-1,2026-03-20T22:43:34.406797
Assistant Director (Digital Forensic & Incident Response),Punjab Government,"LAHORE, Punjab, Pakistan","Minimum 16 years of education in Information Security, Information Technology, Computer Science, Software Engineering, Electrical engineering, Electronic engineering or Cyber Security Discipline from an HEC-recognized university. Higher qualifications in related disciplines will be preferred. Experience: At least 03 years of post-qualification experience in Cyber Security, Information Security, Incident Response, Threat Hunting, Digital Forensic, Malware Research within large-scale national or international organizations. Certification(s)",Full Time,,punjab,https://jobs.punjab.gov.pk/new_recruit/job_detail/assistant-director-digital-forensic-incident-response-1,2026-03-20T22:43:34.927768
Assistant Director (Security Architect & Administrator),Punjab Government,"LAHORE, Punjab, Pakistan","Minimum 16 years of education in Information Security, Information Technology, Computer Science, Software Engineering, Electrical Engineering, Electronic Engineering or Cyber Security Discipline from an HEC-recognized university. Higher qualifications in related disciplines will be preferred. Experience: At least 03 years of post-qualification experience as an Infrastructure Administrator, Solutions Architect or similar role. Strong knowledge of network and system architecture and administration. Certification(s)",Full Time,,punjab,https://jobs.punjab.gov.pk/new_recruit/job_detail/assistant-director-security-architect-administrator-1,2026-03-20T22:43:35.444275
Assistant Director (Internal Information Security Audit),Punjab Government,"LAHORE, Punjab, Pakistan","Qualification: Minimum 16 years of education in Information Security, Information Technology, Computer Science, Software Engineering, Electrical engineering, Electronic engineering or Cyber Security Discipline from an HEC-recognized university. Higher qualifications in related disciplines will be preferred. Experience: At least 03 years of post-qualification experience in Cyber Security, Information Security Governance, Risk Management, Security Compliance, Security Auditing within large-scale national or international organizations. Certification(s)",Full Time,,punjab,https://jobs.punjab.gov.pk/new_recruit/job_detail/assistant-director-internal-information-security-audit,2026-03-20T22:43:35.957258
Manager Operations,Punjab Government,"D.G. KHAN RAWALPINDI, Punjab, Pakistan",Qualification: Master's degree in Management Sciences / Administration. DVM will be given preference. Experience: At least 5 years of relevant experience working in a private or public sector organization. Note: Candidates holding a domicile of the relevant division will be preferred.,Contract,,punjab,https://jobs.punjab.gov.pk/new_recruit/job_detail/manager-operations-17,2026-03-20T22:43:36.480747
Animation Specialist,Punjab Government,"LAHORE, Punjab, Pakistan","Create 2D/3D animations, motion graphics, and video content from concept to final delivery. Collaborate with creative, marketing, and product teams to develop visual assets for campaigns, websites, social media, and presentations. Edit raw video footage, add sound effects, music, voiceovers, and visual effects to enhance storytelling. Design visual elements such as titles, lower thirds, transitions, and infographics. Manage video shoots including planning, lighting, sound, and camera operation (if applicable). Maintain brand consistency across all video and animation materials. Optimize videos for various formats and platforms (YouTube, Instagram, LinkedIn, TikTok, etc.). Stay up-to-date with animation anideo trends, techniques, and software tools.",Contract,,punjab,https://jobs.punjab.gov.pk/new_recruit/job_detail/animation-specialist-10,2026-03-20T22:43:36.993296
Assistant Manager Marketing,Punjab Government,"LAHORE, Punjab, Pakistan","Develop and execute a comprehensive marketing and communications strategy for Accelerate Punjab, including brand positioning, digital campaigns, and public relations. Manage all marketing channels: social media, email newsletters, website content, print materials, and signage across centers. Coordinate promotional campaigns for startup application drives, Demo Days, and investor forums. Liaise with media outlets, craft press releases, and arrange interviews/panels for Accelerate Punjab leadership and selected entrepreneurs. Measure campaign effectiveness (e.g., reach, conversions, brand sentiment) and adjust tactics accordingly.",Contract,,punjab,https://jobs.punjab.gov.pk/new_recruit/job_detail/assistant-manager-marketing-4,2026-03-20T22:43:37.509013
Assistant Startup Growth Manager,Punjab Government,"LAHORE, Punjab, Pakistan","Support the Program Managers and Senior Program Managers in executing the incubation lifecycle for 15 startups per cycle at each of two assigned centers. Facilitate startup onboarding, induction workshops, and orientation sessions at the start of each cohort. Maintain incubator CRM/database: update startup profiles, track milestone achievements, and monitor stipend disbursements against attendance/KPI checklists. Coordinate legal/IP clinics, scheduling IPR Specialist consultations, and arranging seed grant disbursements upon milestone validation. Assist in arranging domain-specific mentoring sessions (e.g., AgriTech, CleanTech) by collaborating with Community & Research Analysts and external experts.",Contract,,punjab,https://jobs.punjab.gov.pk/new_recruit/job_detail/assistant-startup-growth-manager-1,2026-03-20T22:43:38.025178
Finance and Investment Manager,Punjab Government,"LAHORE, Punjab, Pakistan","Manage day-to-day operational logistics for all four sites (Lahore accelerator + three regional incubators). Oversee facility management: utilities, security, maintenance contracts, housekeeping, and procurement of office supplies Coordinate logistics for events (Demo Days, training sessions, investor forums), including venue setup, catering, transportation, and A/V support. Develop and maintain SOPs for operations, including safety protocols, inventory control, and vendor performance tracking. Liaise with the Finance team to track expenditures against operational budgets and ensure timely invoice processing",Contract,,punjab,https://jobs.punjab.gov.pk/new_recruit/job_detail/finance-and-investment-manager-1,2026-03-20T22:43:38.543683
IT Manager,Punjab Government,"LAHORE, Punjab, Pakistan","Oversee all IT infrastructure for the central accelerator and three regional incubation centers, including network architecture, servers, and connectivity. Manage high-speed internet provisioning, firewall/security appliances, and VPNs to ensure secure remote and on-site access. Coordinate hardware procurement (desktops, laptops, printers), installation, and maintenance; maintain an inventory of all IT assets. Provide technical support to startups (helpdesk, software installations, troubleshooting), and train cohort teams on common tools (e.g., version control, cloud services).",Contract,,punjab,https://jobs.punjab.gov.pk/new_recruit/job_detail/it-manager-4,2026-03-20T22:43:39.062990
Programme Officer,Punjab Government,"LAHORE, Punjab, Pakistan",Organize and conduct meetings with clients to jot down their requirements and draft an initial requirement document Follow up with departmental resources to expedite processes Close coordination with development team for implementation Work in liaison with client departments to facilitate them in resolving their queries pre and post launch Up-gradation and updating documents and web sites. To ensure timely resolution of issues. To act as PITB's focal person for the project. To coordinate with department for Data/ Information collection as per specified formats. To monitor the project and to ensure timely generation of all project progress reports.,Contract,,punjab,https://jobs.punjab.gov.pk/new_recruit/job_detail/programme-officer-244,2026-03-20T22:43:39.584072
Project Coordinator,Punjab Government,"ISLAMABAD, Punjab, Pakistan","Should have knowledge of relevant domains. A candidate with good communication skills and relevant experience in managing and delivering projects will be preferred. Organize and conduct meetings with clients to jot down their requirements and draft an initial requirement document Follow up with departmental resources to expedite processes Close coordination with the development team for implementation Work in liaison with client departments to facilitate them in resolving their queries pre and post-launch Any other task assigned by Management Proficiency with computers, especially MS Office.",Contract,,punjab,https://jobs.punjab.gov.pk/new_recruit/job_detail/project-coordinator-29,2026-03-20T22:43:40.091537
Business Analyst,Punjab Government,"ISLAMABAD, Punjab, Pakistan","Collecting information to identify needs analyze and document the requirement for business. Solving business problems and designing a technical solution. Assessing the impact of change. Perform risk analysis to evaluate possible dangers related to the implementation. Translating company requirements in a format that stakeholders can easily understand (user cases diagrams). Manage the project plan, communicate with developers, hold meetings to follow up and implement the solutions. Skills include stakeholder management, data modeling and knowledge of IT. Analyze large amount of data and other business processes to form ideas and fix problems. Communicate their ideas in an expressive way that is easy for the receiver to understand. Primary responsibility to come up with solutions to an organization's problems. Thorough research must be conducted about new processes and software to present results that are effective.",Contract,,punjab,https://jobs.punjab.gov.pk/new_recruit/job_detail/business-analyst-13,2026-03-20T22:43:40.609679
DevOps Engineer,Punjab Government,"LAHORE, Punjab, Pakistan","Install, configure, and maintain computer systems, servers, networks, and software applications. Monitor system performance, identify issues, and implement necessary solutions to ensure optimal performance and reliability. Administer user accounts, permissions, and access rights across various systems and applications. Perform regular security monitoring and implement security measures to protect systems and data from unauthorized access and cyber threats. Conduct system backups, recovery, and disaster recovery planning to ensure data integrity and business continuity. Install and configure software updates, patches, and security fixes to maintain system stability and security. Collaborate with cross-functional teams to assess technology needs, evaluate new hardware and software solutions, and make recommendations for system enhancements. Provide technical support and troubleshoot system and network issues, escalating problems as necessary and ensuring timely resolution. Monitor and manage system resources, including disk space, memory, and CPU utilization, to optimize performance and capacity.",Contract,,punjab,https://jobs.punjab.gov.pk/new_recruit/job_detail/devops-engineer-3,2026-03-20T22:43:41.119440
Programme Manager,Punjab Government,"LAHORE, Punjab, Pakistan","Identify goals and objectives of the project and report regularly to Sr. Programme Manager. Overall responsibility of the project functions to ensure successful deployment within allocated time, and designated cost. Manage Project Coordinators and Software Development Lead and Software Developers Devise a formal reporting mechanism for the designated team and give visibility to higher ups Manage relationship with client department(s) Overall responsible for successful delivery of the assigned projects/tasks",Contract,,punjab,https://jobs.punjab.gov.pk/new_recruit/job_detail/programme-manager-158,2026-03-20T22:43:41.631560
Manager,Punjab Government,"LAHORE, Punjab, Pakistan","Responsible for planning, directing and overseeing the operations. Responsible for overseeing and leading e-khidmat centre team. Lead employees to encourage employee contribution and includes goal setting, feedback, and performance development planning. Must have hands-on relevant project management experience with government, industry and / or Multinational Corporations. Must be fully proficient in PC Software's and skills. Must have good communication skills. Liaison with the client departments.",Contract,,punjab,https://jobs.punjab.gov.pk/new_recruit/job_detail/manager-3,2026-03-20T22:43:42.143241
Senior Programme Manager,Punjab Government,"LAHORE, Punjab, Pakistan","Responsible for overall delivery of the project. Coordinate with the client department, ensuring proper documentation and timely resolution of technical issues. Ensuring that optimal quality/standard are maintained by each corresponding roles. Taking decisions over phase wise strategic implementation of project. Ensuring that the strategy/deliverables are free from any constraints and Government rules and regulations are being followed throughout the program. Key Performance Indicators:",Contract,,punjab,https://jobs.punjab.gov.pk/new_recruit/job_detail/senior-programme-manager-118,2026-03-20T22:43:42.654357
Senior Software Engineer,Punjab Government,"LAHORE, Punjab, Pakistan",Responsible for delivery of all development targets and Quality Assurance of the software. Management of software artifacts and ensure that the deadlines are not compromised at any level. Ensuring that the software’s developed are free from bugs and error.,Contract,,punjab,https://jobs.punjab.gov.pk/new_recruit/job_detail/senior-software-engineer-100,2026-03-20T22:43:43.168780
Software Engineer,Punjab Government,"LAHORE, Punjab, Pakistan","Develop secure, scalable modules and services for the web-based GIS/MIS portal. Implement APIs, back-end logic, and integrations with GeoServer, PostGIS, and other spatial engines. Assist in consuming AI-detected violation datasets (raster & vector) through automated workflows. Develop front-end components, dashboards and interactive UI elements as required. Conduct unit testing, integration testing, debugging, and code optimization Support system deployment, release cycles, and environment configuration. Collaborate with GIS Developers, Sr. Developers, QA team, PMU stakeholders and planning teams",Contract,,punjab,https://jobs.punjab.gov.pk/new_recruit/job_detail/software-engineer-219,2026-03-20T22:43:43.710357
Programme Officer,Punjab Government,"All Punjab, Punjab, Pakistan",To ensure documentation and timely resolution of issues To coordinate with client department on Data/Information collection as per specified formats To ensure timely generation of relevant project reports Any other duty / responsibility as assigned from time to time,Contract,,punjab,https://jobs.punjab.gov.pk/new_recruit/job_detail/programme-officer-243,2026-03-20T22:43:44.225027
Receptionist/ Greeting Officer,Punjab Government,"CHAKWAL LAHORE, Punjab, Pakistan",Assist visitors and verify documents of visitors 2. Must have good communication and public dealing skills.,Contract,,punjab,https://jobs.punjab.gov.pk/new_recruit/job_detail/receptionist-greeting-officer-20,2026-03-20T22:43:44.740754
Mobile App Developer,Punjab Government,"LAHORE, Punjab, Pakistan","Design and development of mission critical native applications using swift / objective C for IOS and/or Java for Android. Optimize the mobile applications based on the usage Building and maintaining innovative features in applications. Making decisions and providing continuous support for better output. Submitting mobile applications to app stores. Close collaboration with internal support and business teams. Active role in coordination and identification of development activities. Good knowledge of mobile UI I UX interfaces. Designing Mobile based advanced features Collaborating with Backend and front end developers for integration of existing web applications to Mobile, e Develop prototypes/rnockups and create robust high-volume production applications. Write XML layout, positioning and server-side code for apps. Write functional requirements documents and guides",Contract,,punjab,https://jobs.punjab.gov.pk/new_recruit/job_detail/mobile-app-developer-43,2026-03-20T22:43:45.257611
Inventory Supervisor,Punjab Government,"CHAKWAL, Punjab, Pakistan",To be maintain and create reports of inventory. Performs other duties as assigned and required.,Contract,,punjab,https://jobs.punjab.gov.pk/new_recruit/job_detail/inventory-supervisor-21,2026-03-20T22:43:45.777841
Assistant Manager,Punjab Government,"All Punjab, Punjab, Pakistan","Manage and coordinate all operational activities in e-Khidmat Centre. Liaison with the client departments. To perform duties as and when assigned by Management and Manager FC. Must have hands-on relevant project management experience with government, industry and / or Multinational Corporations. Must be fully proficient in PC Software's and skills. Must have good communication skills. Liaison with the client departments.",Contract,,punjab,https://jobs.punjab.gov.pk/new_recruit/job_detail/assistant-manager-6,2026-03-20T22:43:46.289440
Principal Software Engineer,Punjab Government,"LAHORE, Punjab, Pakistan","Collaborate with project stakeholders to understand project requirements, objectives, and deliverables Analyze the project scope and architecture to develop an effective .NET C# development strategy and implementation plan Design and develop high-quality, scalable, and maintainable .NET C# code modules and components to meet project requirements Follow coding standards and best practices to ensure the quality and readability of the codebase Conduct thorough unit testing to verify the functionality and integrity of the developed code Collaborate with the QA team to resolve any issues identified during testing and ensure proper bug fixing Provide technical guidance and support to the development team, including code reviews and knowledge sharing sessions. Participate in project meetings, discussions, and reviews to provide insights and recommendations. improving the development process and project outcomes Stay updated with the latest trends, tools, and frameworks in the .NET C# development ecosystem and make recommendations for their adoption, if applicable Ensure compliance with project timelines, milestones, and deliverables, reporting any deviations or risks to the project stakeholders Managing development departments in tasks like research and design Determine developments team goals and creating implementation plans. Implementing process improvements",Contract,,punjab,https://jobs.punjab.gov.pk/new_recruit/job_detail/principal-software-engineer-40,2026-03-20T22:43:46.800128
Data Entry Operator,Punjab Government,"LAHORE, Punjab, Pakistan","Job Description Input customer and account data from source documents within time limits Review data for deficiencies or errors, correct any incompatibilities, and check output Scan documents and print files, when needed Keep information confidential Respond to queries for information and access to relevant files Ensure proper use of office equipment and address any malfunctions Knowledge of computer application software like Word, and Excel.",Contract,,punjab,https://jobs.punjab.gov.pk/new_recruit/job_detail/data-entry-operator-58,2026-03-20T22:43:47.725824
Programme Officer,Punjab Government,"LAHORE, Punjab, Pakistan",Assist the Programme Manager/Senior Programme Manager in development of software development work pertaining to the project. Ensuring that each milestones is achieved within due course of time without compromising quality of work. Ability to work in rapidly changing environment. Any other duty/responsibility assigned by the management.,Contract,,punjab,https://jobs.punjab.gov.pk/new_recruit/job_detail/programme-officer-242,2026-03-20T22:43:48.245366
XR Unity Developer,Punjab Government,"LAHORE, Punjab, Pakistan","Develop interactive VR/XR simulations using Unityfor GEC immersive zones Implement 3D models, animations, interactions, and UIwithin Unity Develop simulation-based experiences (health training, transport safety, agriculture demos) Optimize XR applications for stable, long-duration runtime on target hardware Integrate XR applications with backend systems and control interfaces Collaborate with content creators, motion designers, and AV/projection teams This role requires hands-on Unity XR experience for real-world deployment. Candidates with only demo projects, academic exercises, or 2D game experience are not suitable",Contract,,punjab,https://jobs.punjab.gov.pk/new_recruit/job_detail/xr-unity-developer-3,2026-03-20T22:43:48.755812
Associate Software Engineer,Punjab Government,"LAHORE, Punjab, Pakistan",Job Description Develop and test code. Debug and troubleshoot issues. Craft clean and efficient code.,Contract,,punjab,https://jobs.punjab.gov.pk/new_recruit/job_detail/associate-software-engineer-11,2026-03-20T22:43:49.369102
Quality Assurance Engineer,Punjab Government,"LAHORE, Punjab, Pakistan","Conduct rigorous testing (functional, performance, security) across all modules. Validates compliance with project requirements and user acceptance criteria.",Contract,,punjab,https://jobs.punjab.gov.pk/new_recruit/job_detail/quality-assurance-engineer-77,2026-03-20T22:43:49.887094
Assistant Programme Officer,Punjab Government,"LAHORE, Punjab, Pakistan","Experience of providing client-side support will be preferred Strong interpersonal and communication skills Identifying the program requirements, research and plan the program model with the program officer.",Contract,,punjab,https://jobs.punjab.gov.pk/new_recruit/job_detail/assistant-programme-officer-186,2026-03-20T22:43:50.399371
Programme Officer,Punjab Government,"LAHORE, Punjab, Pakistan","Coordinate with the client department, ensuring proper documentation and timely resolution of project-related issues. Facilitate data and information collection from the client department as per specified formats. Monitor the project to ensure the timely generation of progress reports and adherence to deadlines. Support implementation teams by ensuring smooth coordination between department and technical teams. Assist in developing project documents, including training manuals, application documentation, and project files. Ensure compliance with project policies, procedures, and operational strategies. Prepare detailed reports, summaries, and presentations for management review. Support in conducting training sessions for focal persons and staff to ensure smooth project execution. Assist in troubleshooting and resolving operational challenges encountered during project implementation. Work closely with IT teams to ensure effective deployment of technical solutions.",Contract,,punjab,https://jobs.punjab.gov.pk/new_recruit/job_detail/programme-officer-241,2026-03-20T22:43:50.911944
Assistant Programme Officer,Punjab Government,"All AJK, Punjab, Pakistan","• Identifying the program requirements, research and plan the program model with the program officer.• Communicates and negotiates with client department and places orders for program requirements.• Documentation of the program and activities related to program.• Prepares reports on the clients' feedback and presents to the program manager.• Must be fully proficient in PC Software skills.• Must have fair communication skill",Contract,,punjab,https://jobs.punjab.gov.pk/new_recruit/job_detail/assistant-programme-officer-185,2026-03-20T22:43:51.427560
Senior Coordinator,Punjab Government,"LAHORE, Punjab, Pakistan","Job Description Collaborate with project managers to develop and maintain detailed project plans including timelines, resource allocation and risk assessments. Track project progress against the plan identifying and resolving potential roadblocks proactively. Act as the primary point of contact for project stakeholders, facilitating communication flow, and ensuring all parties are kept informed of project updates and progress. Assist in securing necessary resources for project execution, liaising with internal and external vendors as needed. Manage project budgets, monitoring expenses, and identifying potential cost-saving opportunities. Proactively identify potential risks and issues impacting the project and collaborate with the project team to develop mitigation strategies. Assist in ensuring project deliverables meet quality standards established in the project plan.",Contract,,punjab,https://jobs.punjab.gov.pk/new_recruit/job_detail/senior-coordinator-2,2026-03-20T22:43:52.080777
Assist. Manager (Information Security),Punjab Government,"LAHORE, Punjab, Pakistan","Possess technical expertise in information and cyber security domains, including vulnerability assessment, penetration testing, and secure configurations. Conduct vulnerability assessments and penetration testing of Web applications and Network and infrastructure components Demonstrate proficiency in penetration testing methodologies such as OWASP, CWE, and MITRE, using tools like Nexpose, Nessus, Burp Suite and nmap. Application, Network, Database, Web Server and OS Audits Ability to quickly ramp up on Security requirements needed in order to achieve and implement Policies & Security controls in line with Global Standards. i.e. ISO, PCI DSS, CIS & NIST etc. Developing and implementing IS Policies, Procedures and Standards Hands on experience on IAM/PAM and ZTNA solution Conduct firewall rule audits, optimization, cleanup, and security posture reviews. Understand network architecture, TCP/IP, subletting, firewalls, and WAF. Monitor, identify, and investigate malicious activities in applications, systems, and Possess strong report writing, communication, and delivery skills, with expertise in SOC 1 and SOC 2 reporting. Coordinate with systems, network, and application teams to remediate identified security gaps",Contract,,punjab,https://jobs.punjab.gov.pk/new_recruit/job_detail/assist-manager-information-security-2,2026-03-20T22:43:52.602112
Assist. Manager Systems,Punjab Government,"LAHORE, Punjab, Pakistan","Provide systems analysis and application development expertise using Microsoft Demonstrate working knowledge of databases and project management methodologies or software like Microsoft Project. Hands on Experience on any End Point Detection & Response (EDR) solution deployment and administration. Backup Management Effectively communicate with users, translating technical concepts into clear non-technical Ensure timely completion of all assignments with attention to detail and Maintain and support systems to ensure smooth operations and optimal performance. Provide Level 1 and 2 support for private cloud operations and critical OS issues, including patch Conduct hypervisor maintenance and offer Level 1 and 2 support for platforms such as VMware, Huawei, and Sangfor.",Contract,,punjab,https://jobs.punjab.gov.pk/new_recruit/job_detail/assist-manager-systems-2,2026-03-20T22:43:53.571429
Manager Systems,Punjab Government,"LAHORE, Punjab, Pakistan","Plan, manage, and oversee enterprise IT systems infrastructure, ensuring availability, performance, scalability, and security. Lead the deployment, configuration, and lifecycle management of: Physical and virtual servers Operating systems Storage and backup platforms Ensure implementation of high availability, redundancy, and disaster recovery strategies in line with organizational policies and best practices. Develop and enforce systems-related SOPs, policies, and security baselines aligned with national and international standards. Coordinate with cybersecurity, network, and datacenter operations teams to ensure integrated and secure service delivery. Monitor system health, capacity utilization, and performance, and initiate proactive optimization and remediation. Manage system-related incidents, root cause analysis, and corrective actions. Provide technical input for procurement, RFPs, technical evaluations, and system architecture decisions. Supervise and mentor systems administrators and technical staff, ensuring skill development and operational discipline. Ensure compliance with audit, regulatory, and governance requirements relevant to IT systems",Contract,,punjab,https://jobs.punjab.gov.pk/new_recruit/job_detail/manager-systems-2,2026-03-20T22:43:54.089534
Manager Information Security,Punjab Government,"LAHORE, Punjab, Pakistan","Conduct security assessments, audits, and incident investigations to identify and address vulnerabilities and risks. Monitor and analyze security logs, networks, and applications to detect and respond to threats effectively. Implement and manage security controls, including firewalls, IDS/IPS, and endpoint protection, ensuring compliance with industry standards. Develop and maintain security policies, procedures, and documentation while staying informed about emerging threats and technologies. Collaborate with IT teams to implement best practices, provide employee security awareness training, and participate in disaster recovery planning.",Contract,,punjab,https://jobs.punjab.gov.pk/new_recruit/job_detail/manager-information-security-2,2026-03-20T22:43:54.611377
Project Director,Punjab Government,"LAHORE, Punjab, Pakistan","Proven experience managing or leading a CERT, SOC, or enterprise security operations function, including incident handling, threat monitoring, and response coordination. Demonstrated experience working in large-scale public sector organizations, regulated enterprises, or critical infrastructure environments (government, telecom, banking, utilities, national datacenters, etc.) Hands-on exposure to 24×7 SOC operations, SLA management, and incident escalation at an organizational or national level. Candidates having CISSP, CISM, CISA, CEH or any similar certification / training in the field of Cyber/ Information Security would be given Deep understanding of: Incident Response & Threat Intelligenc SOC tooling (SIEM, SOAR, EDR, Threat Feeds), Secure Configuration & Hardening Standards Ability to guide technical teams, review outputs, and make risk-based executive decisions (not a purely hands-on role).",Contract,,punjab,https://jobs.punjab.gov.pk/new_recruit/job_detail/project-director-106,2026-03-20T22:43:55.125727
14,Punjab Government,"LAHORE, Punjab, Pakistan","FOR CIVILIANS BA/BSc. or equivalent AND Bomb Disposal Course (Mandatory) from authorized government institution with 1 Year Experience in Bomb Disposal Services OR For Retired Armed Forces Candidate Retired Junior Commissioned Officer of Armed Forces with Bomb Disposal Course from one of the following institutes OR any other institutes recognized by Armed Forces Army Engineering College, Risalpur PAF, 105-ammunition depot, Malir Cantt. Naval Bomb Disposal Unit, Karachi. Candidate must mention detail of institution from where the candidate has qualified Bomb Disposal Course Note: All Candidates must dispatch print of their application form from applied job section of Punjab Job Portal to Directorate of Civil Defence, 35 Lodge Road, Old Anarkali, Lahore alongwith attested copies of all relevant documents",Contract,,punjab,https://jobs.punjab.gov.pk/new_recruit/job_detail/bomb-disposal-commander,2026-03-20T22:43:56.147697
60,Punjab Government,"LAHORE, Punjab, Pakistan","FOR CIVILIANS Intermediate or equivalent AND Bomb Disposal Course (Mandatory) from government recognized institution with 1 Year Experience in Bomb Disposal Field OR FOR RETIRED ARMED FORCES CANDIDATES Retired Non-Commissioned Officer of Armed Forces with Bomb Disposal Course from any of the following institution Army Engineering College, Risalpur PAF, 105-ammunition depot, Malir Cantt. Naval Bomb Disposal Unit, Karachi. Candidate must mention detail of institution from where the candidate has qualified Bomb Disposal Course Note: All Candidates must dispatch print of their application form from applied job section of Punjab Job Portal to Directorate of Civil Defence, 35 Lodge Road, Old Anarkali, Lahore alongwith attested copies of all relevant documents",Contract,,punjab,https://jobs.punjab.gov.pk/new_recruit/job_detail/bomb-disposal-technician,2026-03-20T22:43:56.665882
Manager (Admin & Finance) (PPS-9),Punjab Government,"LAHORE, Punjab, Pakistan",Applications are invited from interested candidates for recruitment on contract basis for the Project Management Unit (PMU) for the project titled “Lahore Wastewater and Drainage Management Project (LWDMP) – Sewerage System from Larechs Colony to Gulshan-e-Ravi Lahore (Through Trenchless Technology)” to be funded by Asian Infrastructure Investment Bank (AIIB). The required Qualification for each post is mentioned hereunder:ACCA / ACMA / MBA in Finance from HEC recognized university with a minimum of 8 years of relevant experience in the public or multinational private sector.,Contract,,punjab,https://jobs.punjab.gov.pk/new_recruit/job_detail/manager-admin-finance-pps-9-3,2026-03-20T22:43:57.398414
Manager (Electrical & Mechanical) (PPS-10),Punjab Government,"LAHORE, Punjab, Pakistan",Applications are invited from interested candidates for recruitment on contract basis for the Project Management Unit (PMU) for the project titled “Lahore Wastewater and Drainage Management Project (LWDMP) – Sewerage System from Larechs Colony to Gulshan-e-Ravi Lahore (Through Trenchless Technology)” to be funded by Asian Infrastructure Investment Bank (AIIB). The required Qualification for each post is mentioned hereunder:B.S or B.Sc. in Mechanical / Electrical / Mechatronics Engineering from HEC recognized university registered with PEC having a minimum of 10 years of experience in the water sector related to electrical & mechanical components of the project such as pumping stations / SCADA.,Contract,,punjab,https://jobs.punjab.gov.pk/new_recruit/job_detail/manager-electrical-mechanical-pps-10-2,2026-03-20T22:43:57.918215
TBM Expert/ Geo-Technical Expert  (PPS-12),Punjab Government,"LAHORE, Punjab, Pakistan","Applications are invited from interested candidates for recruitment on contract basis for the Project Management Unit (PMU) for the project titled “Lahore Wastewater and Drainage Management Project (LWDMP) – Sewerage System from Larechs Colony to Gulshan-e-Ravi Lahore (Through Trenchless Technology)” to be funded by Asian Infrastructure Investment Bank (AIIB). The required Qualification for each post is mentioned hereunder:B.Sc. in Civil/ Geological/ Mining or relevant engineering (preferably with M.Sc. in geotechnical/Geological/Mining Engineering or in relevant Discipline) from HEC recognized university with a minimum of 08 years of relevant experience relating to micro-tunneling / tunneling. Experience related to Geotechnical investigations of laying sewer through micro-tunneling / tunneling of large-scale projects, especially in a metropolitan area will be highly preferred.",Contract,,punjab,https://jobs.punjab.gov.pk/new_recruit/job_detail/tbm-expert-geo-technical-expert-pps-12-2,2026-03-20T22:43:58.452076
368,Punjab Government,"ATTOCK BAHAWAL NAGAR BAHAWALPUR BHAKKAR CHAKWAL CHINIOT D.G. KHAN FAISALABAD GUJRANWALA GUJRAT HAFIZABAD JHANG JHELUM KASUR KHANEWAL KHUSHAB Kot Addu LAHORE LAYYAH LODHRAN MANDI BAHAUDDIN MIANWALI MULTAN Murree MUZAFFARGARH NANKANA SAHIB NAROWAL OKARA PAKPATAN Pakpattan RAHIM YAR KHAN RAJAN PUR RAWALPINDI SAHIWAL SARGODHA SHEIKHUPURA SIALKOT Talagang Taunsa TOBA TEK SINGH VEHARI Wazirabad, Punjab, Pakistan","The System Support Officer assist the SDEO with the various functions at Enforcement Stations. including providing comprehensive technical and administrative support to ensure smooth operations and functioning of IT infrastructure as well as office administration. The role involves addressing hardware, software, and network-related issues while also handling clerical and administrative tasks such as duty roster management, correspondence, financial record-keeping, and vendor coordination.",Contract,,punjab,https://jobs.punjab.gov.pk/new_recruit/job_detail/system-support-officer-7,2026-03-20T22:43:59.145425
